{
  "train": {
    "mae": 33704.29724327024,
    "rmse": 57565.30668297698,
    "r2": 0.6042773040362689,
    "mape": 57.83773894475441,
    "accuracy_rate": 16.842852769084228,
    "sample_count": 235168,
    "accuracy_tolerance": 0.1
  },
  "test": {
    "mae": 34007.63895348114,
    "rmse": 58619.91695407187,
    "r2": 0.5915326803224217,
    "mape": 57.74477216177942,
    "accuracy_rate": 16.740073123033756,
    "sample_count": 58805,
    "accuracy_tolerance": 0.1
  }
}